{"cnbc": {"idf": 0.6717566430203198, "hamas": 0.3282433569796802}, "fox": {"idf": 0.5453585755507072, "hamas": 0.4546414244492927}, "bbc": {"idf": 0.590106917428829, "hamas": 0.4098930825711709}, "cnn": {"idf": 0.5600270752569073, "hamas": 0.43997292474309274}, "aljazeera": {"idf": 0.5890380197267278, "hamas": 0.4109619802732722}, "npr": {"idf": 0.6225071225071225, "hamas": 0.37749287749287747}}