{"cnbc": {"idf": 0.6011375755421258, "hamas": 0.3988624244578741}, "fox": {"idf": 0.4932952297208177, "hamas": 0.5067047702791823}, "bbc": {"idf": 0.5374921578789449, "hamas": 0.46250784212105506}, "cnn": {"idf": 0.5856164383561644, "hamas": 0.4143835616438356}, "aljazeera": {"idf": 0.5303440936502306, "hamas": 0.4696559063497694}, "npr": {"idf": 0.5793953537076096, "hamas": 0.4206046462923903}}